nose_x,nose_y,L_eye_x,L_eye_y,R_eye_x,R_eye_y,L_ear_x,L_ear_y,R_ear_x,R_ear_y,L_shoulder_x,L_shoulder_y,R_shoulder_x,R_shoulder_y
316.9435, 275.6902, 361.8351, 232.0514, 282.8951, 231.5896, 434.8097, 248.844, 245.0974, 247.9753, 543.6411, 429.7836, 175.0894, 423.5411
317.5479, 272.8788, 362.3515, 228.7134, 283.6041, 228.7954, 436.239, 245.0712, 246.6031, 245.4707, 542.8917, 428.5157, 176.8255, 420.492
322.9521, 277.1877, 367.5215, 232.9051, 287.0531, 232.1865, 437.7278, 249.1964, 246.3513, 248.4195, 542.5953, 430.6414, 175.4518, 422.831
320.4685, 278.4807, 364.2423, 235.0039, 285.0897, 234.475, 434.5641, 250.5349, 245.7632, 250.4838, 542.3168, 430.2077, 179.062, 421.1523
223.4779, 316.3604, 261.7003, 267.9948, 183.6096, 271.1321, 319.6463, 233.6464, 140.5064, 242.5297, 405.2473, 364.1209, 95.6965, 365.1841
217.8833, 315.3803, 256.8177, 269.0339, 179.413, 271.323, 314.4288, 235.7463, 137.0937, 241.3144, 397.2675, 359.6231, 90.1044, 360.8479
218.8536, 315.2067, 255.8706, 268.4082, 179.2753, 272.5015, 312.6609, 232.3796, 136.9859, 242.328, 398.2234, 358.6821, 89.7112, 358.5788
217.4437, 315.0873, 256.3736, 270.3181, 179.5387, 271.9657, 314.0616, 239.4768, 138.0114, 243.4999, 399.0799, 359.0489, 93.4212, 358.207
218.9887, 316.6992, 258.6158, 269.6761, 179.9096, 271.4095, 316.4213, 235.0085, 136.616, 239.3848, 402.2019, 359.6406, 85.2767, 360.8212
216.8165, 314.6133, 254.8381, 271.7615, 181.6323, 272.2938, 313.035, 242.858, 143.7883, 244.6603, 403.5787, 363.7939, 88.9299, 359.6967
224.4728, 318.5876, 262.6606, 273.0924, 184.6453, 274.1044, 318.2481, 240.5103, 141.008, 245.8381, 396.6241, 368.8646, 107.7954, 360.1962
219.0519, 321.9593, 259.7517, 277.0544, 182.3461, 276.2598, 320.464, 242.7245, 142.5091, 241.902, 406.6704, 365.6372, 88.5563, 358.6295
220.1498, 323.2394, 260.351, 278.145, 182.8827, 278.5202, 321.3087, 242.9303, 143.4761, 244.6066, 407.3271, 363.5177, 91.8975, 359.4747
222.7769, 321.8515, 261.3026, 278.7903, 185.456, 278.3138, 318.3076, 248.6565, 144.6384, 250.317, 399.1862, 370.7568, 107.0154, 358.9872
222.8446, 321.7772, 262.3989, 279.584, 187.1755, 277.6656, 319.6844, 245.5114, 147.5033, 242.9263, 395.2967, 360.9936, 106.9872, 347.1866
218.5116, 318.7867, 260.03, 275.2063, 183.4425, 273.6874, 322.302, 247.0127, 145.7903, 243.9039, 405.5222, 365.0141, 96.1455, 358.1117
220.0017, 318.2749, 259.3506, 277.1264, 185.7026, 274.7252, 316.3432, 246.8562, 147.5777, 242.8183, 396.0711, 357.8476, 109.8675, 350.7382
375.2391, 230.5794, 417.5698, 180.5907, 335.2465, 185.8221, 487.4879, 166.9737, 291.9438, 179.0242, 573.4711, 302.7639, 214.4464, 311.0142
379.7465, 229.483, 422.9047, 178.6796, 337.4598, 182.6109, 491.2991, 163.2753, 290.3078, 172.998, 576.0531, 305.1349, 212.7192, 310.5357
378.7655, 231.1375, 421.3926, 179.1203, 337.1165, 185.1424, 491.5936, 162.0567, 291.571, 176.2407, 576.16, 302.826, 213.0021, 313.9285
378.5464, 228.8004, 421.1557, 177.8481, 337.1868, 182.8301, 490.7498, 166.0772, 291.9209, 178.2268, 580.4438, 315.3973, 213.7752, 316.6533
380.4853, 227.4969, 422.9372, 176.1138, 338.9597, 181.9986, 492.3193, 162.918, 293.5344, 176.965, 575.0148, 306.5506, 216.6294, 315.5613
379.3376, 228.7361, 421.2319, 176.8141, 337.4013, 183.718, 493.3437, 160.3248, 293.4533, 177.1175, 584.6252, 304.4223, 220.1335, 311.0363
379.475, 229.2847, 422.4939, 178.8517, 339.3513, 183.8451, 493.7135, 168.4401, 295.8386, 180.3847, 573.7471, 308.3661, 223.7437, 316.2823
381.2845, 228.3416, 424.0941, 177.8833, 339.7738, 182.8796, 493.6332, 165.5908, 294.4942, 177.8811, 573.2297, 304.6143, 223.832, 308.3536
380.9386, 227.0675, 422.7986, 173.994, 336.607, 182.4001, 494.7553, 159.5935, 290.7195, 179.9149, 582.6673, 307.1742, 221.0333, 310.3084
379.9386, 230.9206, 422.2121, 180.2543, 339.4277, 185.2617, 492.463, 164.9281, 295.9207, 176.8689, 577.6086, 306.9092, 223.2704, 312.4365
407.2905, 227.5252, 442.3298, 179.6507, 364.7998, 185.2701, 500.0416, 132.4645, 316.1519, 147.8957, 586.9797, 251.216, 255.9644, 264.7751
410.8038, 229.115, 447.6203, 176.4323, 364.7342, 183.3651, 507.6292, 122.1572, 312.2844, 140.9778, 593.9677, 248.7746, 253.6467, 267.5012
406.2368, 222.9825, 442.4475, 173.4875, 362.3986, 179.5165, 503.5483, 125.3058, 314.313, 141.9234, 596.7638, 251.5755, 253.5229, 263.2305
409.5052, 227.4, 445.2631, 176.0162, 364.8584, 183.0376, 505.2476, 123.5672, 315.1269, 142.4063, 592.5638, 253.079, 254.7742, 268.5843
409.5052, 227.4, 445.2631, 176.0162, 364.8584, 183.0376, 505.2476, 123.5672, 315.1269, 142.4063, 592.5638, 253.079, 254.7742, 268.5843
408.1812, 229.2159, 444.3371, 178.2131, 363.6204, 185.3903, 504.5969, 126.4549, 313.9785, 145.4883, 592.2642, 249.5334, 253.4741, 266.9922
409.5975, 229.4277, 442.3353, 179.0577, 364.7626, 188.0016, 500.379, 123.0167, 315.8584, 146.9437, 593.7233, 246.7346, 255.162, 265.1153
409.2146, 231.4974, 443.9484, 178.9657, 363.7721, 187.9958, 505.186, 122.1341, 315.3183, 146.0192, 598.5508, 252.5318, 254.1358, 270.1784
407.5272, 232.718, 443.5196, 180.3111, 362.2866, 187.6931, 506.7954, 122.8619, 314.2001, 143.231, 600.3115, 253.0308, 254.9181, 268.0585
402.8423, 229.6839, 438.3643, 180.8246, 359.1532, 187.5143, 498.8459, 127.3811, 312.5358, 145.9116, 598.0928, 249.5535, 249.7311, 266.3938
406.2497, 230.4893, 440.5248, 179.1644, 361.1488, 188.3159, 501.9316, 125.0671, 313.5588, 149.1492, 596.0653, 251.1202, 253.6572, 269.9286
404.5218, 228.1721, 438.1862, 180.7193, 361.0885, 188.6414, 495.4977, 130.9634, 313.7251, 152.0558, 594.7909, 248.3022, 249.4926, 266.5191
405.2039, 232.4013, 440.8581, 183.4081, 361.9537, 190.3964, 502.212, 131.1415, 315.3299, 149.722, 591.4724, 247.4518, 253.9761, 264.4477
408.3441, 227.149, 441.3502, 177.2288, 363.4031, 187.6294, 501.8568, 127.8218, 316.9067, 154.5685, 596.8104, 249.2939, 257.8689, 265.8476
408.2106, 227.9379, 442.3564, 177.438, 363.2841, 187.2085, 504.1407, 127.8492, 316.7455, 153.0131, 597.0397, 251.2999, 256.8396, 267.4092
361.4614, 199.5699, 405.8167, 143.3286, 316.1534, 145.2891, 473.5855, 105.1181, 267.3575, 113.0571, 559.703, 269.2681, 221.1992, 272.3887
364.7667, 198.6426, 405.7847, 142.3577, 316.5404, 147.6122, 468.2349, 104.0756, 265.1708, 120.4433, 554.5578, 265.0841, 228.5928, 271.3147
367.435, 199.1129, 408.7366, 143.4851, 318.7679, 148.2845, 469.9345, 107.6304, 265.9269, 122.7272, 553.3881, 265.4743, 229.8394, 271.051
366.2263, 202.8681, 410.2908, 148.0001, 321.8318, 149.8639, 476.4968, 110.319, 272.8636, 117.356, 559.6904, 265.75, 223.7366, 271.0385
364.1509, 205.4447, 408.3936, 150.8002, 320.1568, 151.8501, 475.2289, 111.2128, 271.5922, 116.7267, 561.1378, 268.4704, 222.538, 269.9934
364.7162, 205.0335, 409.5593, 149.4124, 319.5026, 150.8474, 476.817, 110.2153, 269.9863, 116.6449, 562.0259, 267.2413, 224.5547, 271.7861
367.178, 203.8782, 408.8734, 148.897, 319.4203, 152.5711, 470.4829, 110.7052, 267.2868, 123.2217, 555.5364, 267.1102, 228.0121, 271.0847
365.6692, 204.0723, 408.6467, 149.5147, 321.0266, 151.0815, 473.2371, 110.0471, 271.6284, 116.9226, 558.1243, 270.5229, 223.3302, 269.4559
363.8661, 204.413, 409.1075, 149.7933, 319.9598, 150.2043, 476.0569, 111.435, 270.9192, 115.1201, 558.5658, 265.0331, 221.8835, 269.6003
365.452, 203.3352, 410.9049, 148.0142, 320.0468, 148.3329, 477.2949, 108.689, 269.4545, 112.5386, 560.5065, 265.9, 220.6396, 265.8237
315.0045, 253.5763, 361.2, 199.5611, 271.2085, 198.9395, 429.2858, 150.8723, 220.5306, 151.7845, 525.012, 299.7477, 147.851, 297.6769
360.0273, 231.0731, 400.9752, 182.3179, 320.826, 182.1903, 460.3056, 145.5802, 272.4786, 146.7635, 562.0063, 288.5128, 182.7289, 310.2783
356.5195, 237.0574, 400.4478, 185.7673, 316.9044, 184.3069, 464.448, 143.3915, 268.8533, 141.6364, 561.2392, 289.1689, 181.0631, 308.3293
352.5749, 240.3204, 396.5905, 193.867, 317.3122, 188.806, 458.9198, 156.5491, 272.0796, 145.9858, 555.064, 290.1193, 183.6523, 307.3062
352.9333, 241.394, 396.0374, 193.3379, 316.9358, 190.2429, 459.2435, 151.2554, 272.4362, 145.4233, 557.3409, 287.3928, 183.075, 308.608
349.0887, 244.0397, 392.9009, 196.9763, 311.7263, 192.773, 457.8801, 156.4148, 266.2183, 148.5645, 558.4703, 286.2975, 179.0693, 303.7426
344.2326, 250.1122, 391.7924, 204.501, 309.2428, 195.8455, 456.0487, 165.9773, 263.1797, 147.2798, 542.1098, 302.4136, 176.5738, 292.3787
364.9974, 232.5982, 411.499, 184.8278, 326.9563, 178.4769, 473.1383, 153.8891, 277.5148, 141.2811, 561.0059, 302.2319, 192.9256, 297.0549
363.2561, 232.2385, 409.8964, 184.8853, 326.2545, 178.3703, 473.1743, 155.0557, 278.5334, 141.5268, 561.3063, 301.4904, 193.6003, 297.4209
364.4637, 228.2463, 408.7936, 178.9277, 325.6867, 176.1923, 471.8931, 146.1332, 277.9795, 141.4592, 563.2108, 297.9419, 191.0898, 299.861
364.1135, 229.9974, 408.7668, 181.7176, 326.8892, 178.0511, 472.9188, 149.3036, 280.8859, 142.4318, 565.7765, 299.2362, 191.9591, 298.4639
361.344, 226.1112, 406.7516, 177.7061, 324.7678, 173.9413, 472.8192, 148.4535, 279.87, 141.4203, 565.4481, 298.507, 192.6335, 298.091
364.7556, 230.3486, 407.9913, 181.7207, 326.9624, 179.6558, 471.9749, 146.8172, 281.5026, 144.0403, 566.7938, 297.3242, 194.6438, 297.2366
431.3448, 211.858, 472.342, 163.9773, 390.9439, 162.9385, 527.1024, 134.9377, 337.9027, 132.4482, 588.2483, 284.1998, 241.1524, 282.5999
316.9198, 480.0, 431.2604, 212.1117, 472.5419, 164.673, 391.1348, 162.955, 527.3024, 136.7299, 337.5309, 132.7526, 592.3552, 285.2646
239.7044, 283.1165, 315.0892, 480.0, 433.0842, 212.6573, 474.0654, 165.9162, 393.3099, 164.6028, 528.9408, 138.09, 340.8266, 135.0482
587.451, 282.9709, 244.5129, 279.1269, 160.2459, 480.0, 316.3689, 480.0, 432.7665, 213.0026, 475.7532, 166.1933, 393.6643, 162.5263
530.4413, 138.6631, 340.2179, 129.7849, 587.1185, 283.9516, 240.9787, 279.8899, 314.8453, 480.0, 433.1873, 213.0992, 474.8369, 165.2279
394.0702, 164.0147, 531.3126, 134.4001, 341.0715, 130.9342, 583.5344, 270.8162, 248.2036, 277.2671, 159.1079, 480.0, 501.9097, 480.0
318.9415, 480.0, 434.7214, 213.1982, 476.0104, 166.3733, 394.9009, 164.4703, 530.6689, 136.2199, 342.0029, 131.9616, 588.9022, 280.8463
244.8426, 275.6507, 161.9883, 480.0, 315.2939, 480.0, 438.357, 214.2165, 480.9739, 165.3101, 397.4297, 162.3203, 534.3606, 134.1198
341.5197, 127.401, 589.7505, 286.0034, 241.8121, 282.4741, 309.0294, 480.0, 446.2539, 211.9262, 487.1892, 161.1249, 402.2638, 162.0311
537.2192, 130.6756, 342.5157, 131.9348, 593.9636, 271.8877, 246.9563, 281.7576, 446.3325, 213.4994, 487.6979, 163.549, 402.7398, 162.6497
536.9821, 133.2377, 342.4296, 130.2709, 590.7957, 277.8662, 248.588, 282.2842, 445.8801, 212.7088, 487.0424, 163.3725, 402.6385, 162.116
535.5003, 133.3495, 342.0813, 129.5048, 589.4966, 274.0595, 248.6317, 279.7016, 445.8093, 212.9056, 488.3942, 163.1101, 402.6526, 161.3581
538.4907, 133.7986, 342.5364, 128.6232, 591.3528, 273.6506, 248.4114, 281.5581, 444.3855, 212.4258, 486.5331, 163.3079, 402.0873, 161.4781
535.6366, 136.4476, 342.734, 131.0168, 591.1924, 276.8797, 249.3539, 283.4958, 444.4655, 213.2784, 487.235, 163.0914, 401.5081, 161.5019
536.7834, 133.4701, 341.3672, 128.3378, 589.2523, 273.7246, 246.6064, 284.2131, 445.5756, 211.9342, 487.724, 160.5696, 401.614, 160.2135
537.799, 130.2371, 340.8711, 128.1502, 592.457, 276.6347, 245.6721, 285.8246, 446.2601, 213.2516, 488.4958, 162.3077, 402.6493, 161.2664
539.4221, 133.4161, 343.3764, 130.0938, 594.9199, 286.223, 248.4437, 284.988, 446.054, 212.9237, 488.4, 162.297, 402.494, 161.4583
538.6459, 132.0651, 342.5739, 128.9085, 590.8671, 276.4388, 247.9218, 282.3978, 424.5309, 183.8573, 460.9928, 142.2239, 387.0271, 143.5556
509.694, 130.9015, 341.8738, 134.766, 583.9695, 261.9438, 281.422, 267.4247, 430.7991, 183.3824, 468.3588, 141.093, 391.046, 142.7012
515.3687, 135.6197, 341.2498, 139.729, 580.6648, 265.2665, 280.5032, 272.6766, 431.4926, 183.5472, 467.7266, 140.0505, 390.5544, 143.561
515.0015, 129.9607, 340.6462, 138.7507, 584.193, 262.5809, 282.6013, 270.1096, 431.5569, 179.2704, 468.4759, 137.4094, 392.5378, 139.075
515.606, 130.2555, 344.1945, 134.6388, 583.0, 264.4576, 282.6363, 269.1806, 432.0768, 181.5724, 469.2569, 139.0596, 391.3908, 141.4247
515.541, 133.2935, 340.2787, 139.3262, 580.6477, 262.7619, 281.59, 271.5057, 432.7067, 181.2728, 468.931, 138.6807, 391.9323, 141.8712
515.9579, 130.4766, 342.2814, 138.7148, 581.0282, 260.2666, 284.1419, 269.3076, 433.5913, 183.5889, 470.4904, 140.7432, 393.1207, 141.5887
515.6087, 130.5651, 341.183, 133.8129, 582.51, 264.3493, 279.7938, 269.0064, 431.6501, 183.8954, 469.4389, 142.379, 391.6658, 143.1024
516.1453, 136.6064, 341.1012, 139.2738, 581.4606, 265.4511, 281.5078, 270.3567, 432.5374, 187.5493, 470.2028, 146.7749, 393.935, 146.6348
515.7456, 137.8404, 343.9643, 138.2935, 580.5847, 263.7518, 280.3551, 266.6253, 434.0153, 188.5263, 471.6226, 146.6861, 394.6793, 147.3645
517.981, 136.6458, 344.4232, 138.8228, 582.0994, 264.9158, 281.6461, 268.2693, 434.3967, 186.3712, 471.2582, 144.8798, 394.4644, 146.6159
517.157, 137.3119, 343.938, 142.1094, 581.8148, 262.2741, 282.5856, 269.45, 434.229, 187.7734, 471.8544, 145.9913, 395.2771, 146.9059
519.7537, 136.9883, 347.1903, 139.9468, 586.3968, 266.9978, 284.5454, 268.7109, 435.3371, 187.8736, 472.5759, 146.3322, 395.6826, 147.2489
518.7217, 137.9355, 345.4464, 140.861, 581.8115, 266.6523, 283.4199, 269.1546, 427.8494, 191.4093, 463.5842, 150.7541, 390.08, 151.6743
509.0416, 138.043, 342.3507, 141.1446, 578.5853, 265.0626, 281.7748, 272.4182, 433.0226, 194.7359, 471.3004, 153.1164, 394.0445, 152.2163
517.1937, 141.6217, 342.8575, 140.4458, 582.2512, 271.9073, 279.4807, 273.0283, 436.689, 203.3593, 473.7236, 159.8522, 395.6734, 160.9563
519.0791, 143.881, 341.9891, 147.6601, 582.9023, 270.051, 280.9152, 275.6687, 435.5255, 197.8255, 474.0132, 154.7856, 396.0264, 155.675
521.2513, 143.1002, 345.4472, 145.3072, 577.3953, 265.3083, 283.022, 274.9141, 441.275, 195.3458, 478.732, 151.5901, 400.1513, 152.3495
522.9373, 137.8203, 344.8981, 140.334, 581.4, 266.2386, 284.3563, 271.6119, 370.6996, 229.9365, 403.1663, 185.7624, 333.8734, 189.6279
449.9416, 155.8761, 286.5902, 166.6595, 528.5231, 286.5107, 222.3807, 304.0927, 373.1541, 231.703, 405.7845, 187.302, 334.5905, 190.1979
450.9428, 154.1031, 282.5431, 162.8752, 532.9556, 289.2029, 215.8825, 298.9135, 368.6433, 231.3579, 401.5036, 185.8005, 330.5771, 189.9585
448.6386, 154.6925, 281.7239, 166.4305, 527.079, 289.3649, 221.8441, 307.8333, 369.1508, 229.8231, 401.8691, 184.9925, 330.1203, 188.9088
445.0656, 157.1967, 275.7462, 166.3864, 522.1617, 295.7361, 210.9963, 301.8665, 369.1508, 229.8231, 401.8691, 184.9925, 330.1203, 188.9088
445.0656, 157.1967, 275.7462, 166.3864, 522.1617, 295.7361, 210.9963, 301.8665, 364.6544, 230.8365, 395.9227, 186.1311, 326.1747, 191.6747
442.1163, 153.4016, 277.4443, 168.0594, 527.0898, 289.3602, 216.3904, 302.3969, 360.5011, 232.8354, 392.6588, 186.2732, 320.1259, 193.0082
439.5818, 154.9955, 268.6987, 170.9286, 523.8944, 295.918, 211.5025, 303.368, 357.4254, 234.2709, 389.3625, 187.9412, 319.8198, 194.2819
440.1121, 152.0425, 275.5658, 169.1364, 526.0787, 286.8594, 216.6283, 309.3458, 359.3057, 227.1169, 392.1937, 182.3774, 322.4213, 187.3558
441.8418, 154.2526, 277.1723, 167.7381, 527.0132, 285.9972, 217.3298, 306.4127, 363.6431, 225.0424, 394.6626, 179.3778, 325.1029, 186.0458
442.0011, 149.3994, 277.8481, 167.1153, 527.3049, 284.5073, 219.0432, 306.6539, 362.5358, 224.7223, 394.5914, 179.2306, 324.665, 184.7658
442.1818, 150.2683, 277.1331, 165.2054, 527.3226, 285.484, 217.2615, 307.8959, 361.657, 221.7427, 392.8925, 176.7049, 323.7617, 182.9752
440.4899, 150.5502, 277.5243, 167.1069, 527.1678, 285.9036, 217.4885, 308.5402, 361.673, 224.5068, 394.3196, 179.264, 324.1729, 183.9179
442.3795, 150.9664, 277.2282, 163.9824, 526.7159, 287.1655, 218.3515, 307.2587, 358.2915, 225.0796, 391.1118, 178.6053, 320.2651, 184.4216
442.2876, 148.9799, 275.2443, 164.7735, 528.954, 288.4708, 218.91, 308.5986, 357.4779, 224.7336, 390.5633, 178.0344, 319.5433, 183.6
442.0118, 147.6824, 274.8182, 163.0524, 528.527, 288.1161, 216.9802, 308.2375, 362.4539, 222.5441, 394.4779, 177.1138, 323.9623, 183.0427
443.2432, 150.6598, 277.2674, 166.6975, 528.8617, 287.2381, 218.9957, 304.8258, 430.5165, 304.9311, 472.0994, 260.0953, 397.7221, 253.1082
523.7729, 237.8875, 352.3303, 222.8567, 588.6264, 388.0891, 277.2835, 379.3325, 431.08, 305.2569, 472.8531, 260.1864, 397.9571, 253.7695
526.3837, 238.4327, 353.4982, 224.9381, 590.7592, 390.3487, 280.507, 376.9966, 430.2484, 306.1374, 472.4108, 262.4417, 398.5803, 254.723
525.3497, 241.8412, 354.6779, 225.0218, 589.2057, 389.0475, 279.6898, 377.7315, 432.2312, 308.9049, 473.8724, 265.3069, 400.6496, 258.6214
527.8831, 243.5791, 357.9059, 228.8307, 590.2706, 387.0156, 281.6945, 376.4644, 434.1266, 304.929, 476.0179, 262.2823, 402.4743, 255.0474
528.7876, 244.0475, 358.6366, 228.2199, 589.0908, 387.5789, 283.3655, 372.3875, 431.9709, 308.7367, 475.001, 266.1656, 401.7114, 256.3663
528.6495, 246.5819, 358.7357, 224.9978, 591.4293, 391.1907, 283.2177, 375.5001, 435.0058, 305.801, 477.1314, 262.4301, 403.5464, 255.0957
530.1468, 243.3431, 359.82, 226.9813, 590.366, 390.211, 279.8276, 376.4247, 433.8679, 308.6742, 476.8343, 264.3878, 403.0533, 255.5103
531.0687, 241.4348, 359.9195, 221.8761, 593.1442, 392.5596, 281.3524, 377.3537, 436.4326, 308.326, 478.9418, 263.955, 404.187, 256.3554
531.6559, 242.2206, 359.1465, 225.4101, 590.8816, 389.4421, 281.4356, 377.0798, 438.7181, 310.7393, 481.2081, 267.3125, 406.625, 258.4025
532.4444, 246.555, 360.3911, 227.0813, 592.391, 391.0243, 283.0843, 375.6552, 434.8076, 312.382, 478.5787, 268.8629, 404.2842, 257.9791
531.5969, 247.4827, 359.7304, 223.386, 592.9299, 394.3637, 282.1186, 379.8339, 435.9225, 312.0516, 479.1449, 268.3847, 404.8822, 258.8876
532.6716, 246.1504, 360.6653, 225.3359, 594.9771, 392.3612, 282.7974, 377.4688, 437.4868, 314.2107, 479.8015, 270.3262, 405.4449, 262.0505
530.9152, 247.8961, 359.2913, 229.4915, 591.8483, 391.6157, 278.738, 381.0321, 437.3582, 316.9743, 479.4609, 271.833, 405.1814, 264.1801
531.3327, 244.5316, 359.5385, 227.6231, 591.1117, 393.2858, 278.0273, 381.3052, 437.0155, 316.3753, 479.4145, 272.8121, 405.6882, 264.9509
532.3016, 250.7543, 361.3708, 233.1517, 591.8818, 393.5688, 282.1567, 380.9766, 436.7533, 315.0041, 479.8002, 271.0186, 404.8141, 263.2027
533.0475, 249.5458, 359.7381, 231.9726, 590.5173, 392.6035, 279.7511, 377.9189, 436.3652, 314.067, 479.0873, 270.2905, 404.5564, 262.136
531.3452, 249.29, 359.3575, 231.0811, 590.3223, 393.4019, 280.4766, 380.9818, 437.3162, 313.7704, 480.0423, 270.15, 405.3805, 262.0205
532.3006, 248.7565, 359.806, 230.8614, 590.17, 392.9579, 280.9814, 378.6732, 425.4663, 242.9752, 456.451, 207.0756, 396.1814, 206.0355
499.9182, 184.2777, 360.5898, 182.7411, 569.4872, 313.277, 298.2419, 313.0693, 425.1655, 242.65, 456.5933, 206.5928, 395.6647, 205.315
498.7144, 184.7272, 358.2505, 182.5471, 567.5429, 312.1369, 295.5518, 313.6075, 424.4068, 241.9218, 455.3044, 206.0689, 395.1489, 204.92
497.4335, 183.8846, 358.4807, 182.2273, 568.572, 312.9964, 294.1494, 315.1951, 424.3183, 242.0785, 455.2137, 205.5621, 394.9196, 204.8586
498.1436, 182.7122, 358.7938, 181.8607, 569.6982, 314.058, 294.5243, 316.0067, 425.0341, 241.7868, 456.0276, 205.6737, 396.0627, 204.4225
498.3967, 183.6524, 359.9113, 181.5564, 567.9481, 314.8615, 295.2303, 314.6466, 423.6166, 239.0324, 453.5056, 203.1014, 393.9649, 202.9558
495.6578, 182.036, 357.9243, 182.886, 568.7664, 313.3878, 294.9782, 314.4839, 422.7147, 239.2491, 452.9677, 201.5948, 392.3787, 202.0911
496.8448, 177.5263, 356.5913, 179.6813, 571.0043, 314.1369, 294.6518, 316.451, 424.0814, 236.1011, 456.2049, 199.7779, 395.8102, 198.1944
500.8194, 180.4649, 360.4522, 176.8543, 567.1525, 317.5735, 296.2187, 310.98, 422.6355, 234.3617, 453.2652, 196.9005, 392.6721, 197.1627
497.7505, 174.744, 357.3226, 176.2597, 571.7816, 312.3429, 294.9279, 313.7823, 423.6224, 233.9921, 453.611, 198.228, 395.0621, 198.08
496.8423, 178.7642, 360.7916, 178.917, 567.9631, 311.9194, 295.6599, 313.4708, 423.9947, 234.1322, 454.1129, 197.8895, 394.8276, 197.8316
496.6281, 177.5554, 359.4219, 177.9922, 566.3247, 311.5692, 295.3798, 313.5815, 423.9466, 233.1993, 454.2974, 195.9853, 394.1361, 195.8578
497.8487, 174.708, 358.5063, 175.2401, 570.1558, 314.534, 295.5682, 312.4586, 422.3438, 233.3938, 452.9143, 195.7057, 392.2635, 196.1603
497.5757, 173.8714, 357.153, 175.713, 572.0674, 314.1203, 294.5606, 314.3179, 422.3, 230.9004, 453.1281, 193.5397, 392.6244, 193.4023
497.3015, 173.5273, 357.2712, 173.9124, 570.2393, 312.8332, 293.492, 314.6946, 422.396, 231.1345, 452.4938, 193.7243, 392.6984, 193.9417
496.0135, 172.9352, 357.4814, 174.2934, 569.7009, 314.7337, 293.9689, 316.1649, 422.9164, 229.5932, 451.9012, 193.3583, 393.5052, 193.7599
494.1872, 173.3653, 358.0246, 176.0184, 567.9345, 314.185, 293.7051, 316.1472, 421.3106, 231.7497, 451.6928, 194.0135, 391.4808, 194.7527
496.9692, 173.1327, 357.2188, 175.6863, 571.8751, 313.8518, 295.1854, 314.6505, 421.9052, 233.7161, 452.537, 195.5839, 391.4835, 196.0525
496.993, 173.5014, 355.8105, 175.8364, 571.0564, 314.8409, 294.1186, 315.1324, 422.3574, 233.5037, 452.6248, 194.625, 391.0929, 196.2496
497.4385, 172.2177, 355.1924, 176.8228, 572.33, 314.9319, 293.6123, 317.1534, 421.928, 231.4958, 452.1665, 194.6632, 392.0539, 195.1238
495.9467, 175.9702, 356.8088, 177.718, 569.6825, 314.8115, 293.618, 315.5624, 421.2961, 232.7876, 451.9885, 195.1967, 390.8701, 196.0342
496.9137, 174.8283, 355.7149, 177.636, 570.3016, 313.8529, 295.4288, 313.4432, 435.3665, 260.2267, 470.6512, 213.1883, 395.353, 215.656
518.701, 185.8667, 344.8872, 192.4688, 589.0178, 334.9304, 283.2545, 336.8523, 435.3727, 258.254, 470.892, 212.1982, 395.7244, 214.3553
519.385, 189.4713, 346.0424, 195.4794, 590.1225, 337.2637, 284.6139, 337.4683, 435.4541, 259.5166, 470.4547, 213.9559, 395.9726, 216.4641
517.9089, 189.5416, 345.8174, 196.1569, 592.1663, 332.606, 282.7159, 335.0829, 434.8824, 257.7479, 470.8768, 211.084, 394.8576, 213.9606
519.6935, 187.243, 344.7679, 194.3863, 590.9948, 332.1963, 282.4001, 337.2264, 434.9609, 257.6281, 469.5821, 212.6028, 395.4879, 215.1247
516.3158, 190.4141, 345.332, 197.1791, 588.9139, 332.2396, 283.8737, 334.8472, 434.2328, 259.633, 470.3401, 213.4548, 394.5025, 215.2708
518.8712, 189.0713, 344.1592, 194.2098, 591.1635, 332.5252, 282.7496, 335.2344, 435.2726, 258.6528, 470.7427, 212.2851, 395.4402, 214.7458
519.0165, 187.8438, 345.3293, 194.603, 593.0967, 336.0428, 281.7895, 337.5969, 436.1727, 259.1507, 470.9073, 213.2086, 396.2763, 215.6024
517.2853, 188.4249, 344.9963, 194.8556, 588.9576, 334.8225, 283.3618, 336.2832, 435.7173, 258.7384, 471.0734, 212.6009, 396.0638, 214.6219
519.0004, 187.4815, 345.8561, 193.2808, 592.0822, 334.9731, 283.1373, 334.8486, 435.2654, 259.6362, 470.0789, 212.8098, 394.9169, 215.655
516.7773, 185.9077, 343.4189, 193.5392, 588.7463, 333.0457, 281.4246, 336.1343, 436.3668, 258.2353, 471.6935, 212.67, 396.7744, 213.3842
516.7056, 189.828, 343.8954, 192.4358, 587.153, 337.628, 280.1946, 337.3213, 435.4426, 259.0314, 470.749, 212.5542, 395.1575, 214.2289
517.1111, 187.1639, 342.839, 192.1729, 587.6315, 335.1904, 281.8711, 336.5277, 435.3792, 258.1375, 470.5555, 212.0391, 395.5991, 213.7064
516.5275, 187.3977, 343.8448, 192.3175, 588.0154, 335.721, 280.2085, 336.9113, 434.6566, 258.6241, 469.7335, 212.0859, 394.3877, 214.3615
516.5762, 186.6353, 342.7731, 192.9485, 589.1788, 333.4854, 281.5909, 335.1463, 434.747, 257.1189, 470.5056, 213.3329, 395.791, 213.9019
514.2886, 193.6934, 343.2103, 194.8553, 579.9813, 335.0821, 275.257, 336.8112, 434.747, 257.1189, 470.5056, 213.3329, 395.791, 213.9019
514.2886, 193.6934, 343.2103, 194.8553, 579.9813, 335.0821, 275.257, 336.8112, 434.9274, 259.0787, 469.4004, 213.7356, 395.7632, 215.284
514.9266, 189.7385, 344.7363, 194.2234, 588.2068, 337.3869, 279.9865, 338.2484, 433.1985, 259.598, 468.9088, 213.7881, 394.2361, 215.3291
515.957, 190.0771, 343.8129, 194.1741, 586.4686, 336.2128, 279.221, 339.326, 443.6882, 230.0113, 481.1745, 184.0128, 405.7843, 186.1104
533.1425, 155.4777, 360.262, 160.3807, 599.2688, 292.7761, 298.327, 305.5122, 445.7027, 228.9224, 483.6975, 181.9224, 406.9065, 184.2285
535.9713, 152.4342, 360.3071, 157.898, 601.835, 292.2006, 298.8003, 306.156, 445.0997, 228.6116, 483.9051, 182.262, 407.5769, 183.4545
537.2361, 153.537, 362.2715, 156.3768, 602.5322, 291.6048, 299.6737, 304.6572, 444.9396, 225.976, 483.6745, 180.7257, 408.376, 181.7281
536.9587, 156.1594, 364.1567, 158.1365, 600.8116, 292.2054, 302.1671, 304.3505, 445.6557, 227.1341, 484.5891, 180.9543, 408.1584, 182.407
537.8403, 154.6184, 362.5589, 157.6963, 600.2816, 290.6817, 301.496, 304.7854, 445.0807, 228.528, 484.3282, 183.368, 408.5963, 183.6095
537.4502, 157.7917, 363.8326, 158.097, 601.0312, 293.8946, 301.6085, 303.7883, 443.4714, 227.9429, 483.3263, 181.5606, 406.5081, 181.7659
537.9426, 154.5103, 361.6692, 154.9359, 602.4176, 293.4777, 300.4062, 304.3931, 444.7368, 228.1045, 484.4478, 181.8602, 407.4469, 182.2133
538.489, 155.221, 362.1509, 156.0874, 602.6521, 293.2936, 301.3979, 302.7762, 445.705, 229.9958, 484.9955, 184.4317, 408.7206, 185.1469
538.7679, 158.084, 363.8972, 159.4162, 601.1215, 290.3762, 301.3299, 302.4112, 446.5207, 230.5863, 486.2072, 184.3297, 409.5422, 185.0468
541.1154, 156.8989, 365.0314, 158.1719, 603.9989, 293.7371, 301.7571, 306.2979, 447.6421, 229.0882, 486.066, 183.4369, 409.9171, 184.7388
537.799, 157.0594, 363.5645, 159.7571, 600.2714, 291.3295, 300.7338, 305.0043, 447.4266, 230.5665, 487.0626, 184.1854, 409.6703, 184.8818
540.3892, 156.8165, 363.283, 158.2621, 601.8391, 293.3124, 301.7898, 304.0547, 448.9106, 230.5201, 487.2434, 185.2559, 411.8131, 186.3765
538.9788, 159.2767, 366.2865, 161.5937, 599.8101, 293.8615, 303.4139, 304.7117, 447.9986, 230.9952, 487.5597, 184.8214, 410.6022, 184.7622
540.6541, 156.5486, 364.5773, 156.3142, 600.9069, 295.2787, 301.6787, 304.3449, 447.336, 236.4362, 487.2172, 188.2749, 408.7879, 189.6295
542.748, 155.8323, 363.0421, 158.8287, 602.075, 295.8929, 303.5285, 307.3693, 446.3828, 236.7263, 487.2918, 186.7785, 406.4233, 187.868
543.2028, 152.4338, 358.7501, 155.2343, 602.3768, 298.675, 302.6394, 307.522, 324.0403, 227.1858, 351.652, 183.6377, 284.7656, 194.4837
399.3239, 159.0438, 244.244, 185.9204, 490.3395, 289.7258, 197.0872, 307.1178, 311.1478, 207.1517, 340.0829, 164.0683, 273.5655, 174.6512
393.6017, 146.8203, 238.2598, 172.9936, 496.5041, 293.309, 191.5248, 306.5153, 321.7016, 205.9987, 348.1272, 161.7179, 280.9612, 173.6043
395.682, 142.3055, 239.0262, 172.77, 502.578, 297.2685, 185.568, 307.2671, 320.4484, 221.9107, 347.5509, 175.902, 277.1732, 189.6469
397.433, 150.4275, 234.0875, 184.4718, 503.3122, 296.0049, 185.8505, 309.9644, 318.2224, 224.4431, 345.7371, 177.2179, 274.8235, 191.3142
398.0599, 150.0363, 233.287, 185.6306, 500.6926, 292.3343, 188.4127, 310.2572, 305.1173, 232.0104, 334.2251, 183.6144, 263.3212, 196.8315
392.1237, 152.1833, 226.36, 186.0626, 496.8224, 297.4765, 187.9408, 313.4365, 314.7075, 237.8079, 343.6341, 191.3312, 273.9196, 202.7238
396.8847, 155.8607, 234.9294, 184.5743, 497.9864, 300.0341, 185.6469, 311.6444, 311.7368, 229.3405, 340.0006, 182.549, 270.9573, 195.002
394.1331, 153.3345, 232.9467, 184.9504, 499.9844, 296.1175, 186.0365, 314.451, 309.2367, 227.8964, 337.3287, 181.743, 269.3459, 194.2859
393.0797, 153.073, 233.4224, 185.0199, 500.0204, 295.5533, 188.5665, 312.7153, 311.8951, 221.885, 340.6795, 175.1881, 271.9173, 187.6023
396.2004, 149.6432, 235.071, 180.7741, 498.2219, 295.9338, 185.8106, 315.3789, 312.6265, 219.9153, 340.774, 172.7291, 271.499, 186.1255
395.6125, 147.6408, 233.9637, 181.3374, 499.0573, 293.5789, 190.8419, 312.664, 310.8447, 219.2811, 339.2934, 173.296, 271.1751, 185.7242
394.6925, 150.4144, 235.1278, 181.9605, 499.7193, 297.6994, 188.7386, 315.7226, 309.5699, 213.1105, 338.1139, 167.7828, 270.3306, 179.6571
392.6171, 148.0478, 234.1299, 178.2823, 498.2646, 297.4336, 188.9121, 315.2531, 309.8639, 215.2087, 338.8645, 170.3398, 270.7036, 181.6816
393.5184, 151.4997, 234.2464, 180.4604, 496.6124, 296.4196, 190.4665, 314.5676, 310.0363, 214.5928, 339.465, 170.7694, 272.1099, 181.1954
394.1559, 154.0934, 236.5412, 180.7608, 497.2859, 296.5866, 192.2558, 312.3973, 315.7848, 216.0236, 345.7832, 171.8517, 276.47, 181.9047
398.1611, 155.2343, 237.1166, 180.7664, 496.9427, 295.938, 188.4468, 312.9565, 317.9807, 216.2897, 347.2752, 171.0498, 278.0361, 181.1997
397.863, 150.9971, 237.5141, 177.2453, 494.785, 297.4658, 192.9826, 312.609, 318.2118, 215.549, 347.3792, 169.8821, 277.8826, 180.9518
398.6761, 149.8576, 237.7809, 178.0538, 494.8141, 296.2365, 193.1664, 312.8708, 361.1646, 218.6247, 389.1737, 186.0984, 336.5943, 186.8198
431.9993, 169.5606, 308.2869, 171.3948, 487.1326, 297.6402, 257.7045, 296.1244, 358.9694, 221.0777, 387.4726, 187.2414, 331.7405, 189.1041
432.0744, 166.9248, 301.4186, 171.6484, 487.8578, 293.3642, 252.7645, 291.6482, 361.0192, 220.8805, 389.3654, 188.0459, 334.1964, 189.222
433.0193, 168.6707, 303.8262, 172.0588, 489.312, 292.9549, 254.0334, 290.9005, 357.8648, 218.593, 385.2133, 184.7949, 332.7207, 187.0008
430.3157, 166.3511, 305.6135, 171.9726, 488.7902, 296.5268, 256.1941, 296.6981, 360.1486, 221.2487, 388.982, 188.5623, 334.2293, 189.4155
432.8151, 169.8769, 304.4633, 171.954, 488.569, 294.2408, 251.9936, 293.2326, 359.5448, 219.7381, 387.5662, 187.1286, 334.8101, 188.461
430.9265, 170.6556, 306.6731, 173.5659, 485.3926, 295.8029, 256.2381, 295.7556, 361.0129, 219.8646, 388.8726, 186.5422, 335.3102, 188.1384
431.6069, 168.6786, 305.9591, 172.5555, 485.9237, 296.1396, 256.9423, 295.9048, 360.1479, 221.0901, 388.6859, 187.9962, 333.7965, 189.6786
433.0077, 169.1378, 304.0509, 173.2068, 489.5512, 293.2812, 253.0535, 292.0148, 361.59, 221.4637, 389.505, 188.3458, 334.7525, 190.3794
432.5774, 169.5573, 304.2185, 174.4257, 489.2137, 295.0037, 252.9051, 293.7594, 360.4517, 222.5226, 388.8289, 189.0866, 333.4782, 190.6258
432.8748, 168.4056, 303.2873, 172.2924, 489.9391, 294.4717, 253.0074, 292.7755, 360.078, 222.8685, 388.9986, 189.2212, 333.6697, 190.4676
433.6527, 168.2498, 303.5681, 171.3568, 489.8683, 294.0296, 251.2173, 293.1408, 360.2611, 221.3938, 389.0652, 187.8727, 333.446, 189.3096
433.5332, 167.9631, 303.0162, 171.5181, 489.5666, 294.5308, 251.8477, 293.1068, 364.0225, 217.967, 392.6399, 185.3644, 337.6463, 186.3688
435.8831, 167.7615, 307.1518, 170.2283, 489.5753, 292.59, 253.9178, 290.1034, 359.0066, 218.7213, 386.7952, 186.4154, 333.2679, 188.4079
430.8332, 169.7404, 304.9016, 174.2508, 487.5137, 293.6557, 253.7227, 291.8226, 360.1438, 220.0736, 388.5183, 187.6548, 334.283, 188.7785
432.4374, 169.1713, 304.9535, 171.733, 488.5849, 293.4431, 251.5347, 291.1508, 361.776, 219.5282, 390.6174, 187.5781, 335.6962, 188.0174
433.3316, 171.0276, 304.898, 172.142, 487.2559, 294.202, 251.6037, 291.4692, 362.4008, 217.7127, 391.9884, 185.6825, 336.7366, 185.4596
434.8939, 170.5092, 305.8163, 169.9105, 488.8248, 294.9092, 250.0183, 291.1054, 361.4706, 218.7683, 390.6324, 187.1754, 336.3353, 187.1926
433.3751, 172.0212, 305.9857, 171.9887, 488.6621, 293.7873, 251.7508, 291.0787, 361.9179, 219.1053, 390.5549, 187.2489, 336.2487, 187.8354
433.061, 171.5961, 305.7913, 172.8912, 486.8734, 294.1447, 252.5806, 292.614, 363.3163, 215.5827, 392.2952, 183.8429, 337.5293, 183.6476
433.4076, 169.2661, 305.03, 169.093, 487.5972, 295.0698, 251.0721, 290.939, 373.8362, 216.4061, 396.65, 182.1716, 345.0916, 186.6707
430.3036, 161.3085, 306.951, 173.3388, 489.9679, 292.1252, 256.8956, 296.9721, 513.9291, 470.0048, 209.2809, 460.581, 365.3701, 435.5599
273.5399, 471.1938, 379.2065, 213.3567, 403.3273, 182.7295, 351.6955, 183.5472, 433.8512, 168.1886, 312.7751, 171.863, 483.3236, 287.5186
256.0168, 287.4065, 469.5584, 474.5673, 213.1172, 473.2513, 344.3477, 378.1155, 259.0767, 456.7, 383.1027, 207.1127, 415.2106, 166.3979
348.4385, 167.3361, 454.3578, 158.1024, 301.5045, 160.6008, 522.1263, 304.9225, 240.0757, 321.3173, 380.6029, 203.9431, 412.5838, 162.6516
345.1697, 164.7318, 453.0689, 156.0705, 299.3028, 161.3764, 522.1337, 305.2629, 242.5825, 321.2191, 386.015, 206.2777, 417.3055, 165.398
350.8031, 168.0983, 457.9554, 157.489, 306.1373, 164.2636, 528.6248, 305.9689, 248.8361, 319.7002, 414.0965, 209.1187, 445.7024, 168.0492
377.642, 168.4491, 480.1516, 160.7254, 322.0524, 161.6925, 535.6889, 307.3937, 255.0879, 319.0388, 418.5474, 211.3701, 451.7927, 172.6466
384.0456, 168.6572, 483.4316, 169.3375, 325.2583, 159.7251, 527.5244, 308.5746, 255.805, 316.5574, 382.6542, 208.1755, 413.9974, 166.4925
347.1484, 169.9682, 454.8129, 157.1781, 302.0757, 165.2419, 522.175, 302.4512, 244.0256, 321.843, 375.3083, 206.9734, 406.2653, 165.8864
339.2368, 170.0584, 449.5577, 156.7711, 294.929, 167.6429, 519.8619, 298.2704, 242.657, 319.001, 403.0443, 205.8016, 436.5486, 166.7489
369.1674, 164.2946, 471.7527, 163.4274, 317.2322, 157.4012, 524.5792, 307.3335, 250.6057, 317.6947, 384.6868, 205.5309, 416.183, 165.3669
350.0105, 165.7184, 452.9639, 158.7152, 300.9097, 159.5013, 517.4141, 306.311, 237.1496, 321.7215, 384.6061, 204.1852, 415.8014, 163.4898
349.2407, 164.9989, 453.4312, 157.0857, 300.6653, 160.7198, 519.4995, 307.787, 238.7393, 322.3163, 387.4925, 205.164, 420.1684, 164.8836
352.8803, 164.7363, 458.5526, 159.1589, 304.6155, 159.1823, 522.8459, 306.5146, 242.8206, 320.136, 444.8376, 209.0194, 480.3453, 170.0
410.6863, 164.3017, 511.6061, 168.1939, 349.2244, 153.8231, 548.3226, 313.9109, 271.558, 316.679, 401.9006, 203.5396, 435.7847, 163.0139
368.2239, 163.2713, 477.4832, 157.4451, 323.3748, 157.8124, 539.0898, 310.1972, 257.9406, 318.8766, 426.3123, 205.5539, 459.8906, 167.1972
392.4118, 162.2833, 490.0614, 166.1433, 332.3871, 154.1252, 532.9756, 312.3147, 258.358, 318.8437, 364.8893, 196.1717, 398.6129, 155.7138
335.101, 160.3734, 453.429, 154.3537, 303.7114, 163.7137, 527.7146, 305.9483, 249.3996, 321.1683, 367.0219, 203.6728, 399.7233, 161.8049
334.0382, 167.3385, 453.1476, 154.0292, 299.7327, 167.0899, 529.1296, 304.3622, 251.1941, 320.7483, 478.8364, 234.4001, 519.8245, 193.9738
449.8574, 184.7159, 566.8169, 170.9237, 404.4435, 148.4475, 604.5291, 309.95, 328.5112, 299.1774, 479.3594, 232.8262, 519.9961, 193.3039
450.8424, 183.5372, 565.5522, 171.4946, 405.0284, 147.7545, 604.3068, 310.145, 327.9109, 299.9378, 479.4938, 234.577, 520.2714, 194.8657
450.8516, 184.9599, 566.3444, 172.0806, 405.0096, 147.94, 603.8225, 309.4808, 328.7471, 299.18, 479.7846, 233.5528, 519.52, 193.7219
450.6239, 186.0298, 566.3109, 171.9366, 406.1616, 152.8912, 606.4814, 309.4938, 330.6378, 298.4588, 478.5888, 231.3264, 518.9388, 190.6583
448.9174, 183.0624, 566.4673, 168.863, 404.2134, 150.06, 607.1721, 307.1008, 330.0339, 297.8749, 479.3913, 232.4225, 519.0852, 191.3952
449.0976, 184.0125, 565.2412, 167.6821, 403.2381, 149.6404, 607.236, 307.6362, 328.972, 298.5845, 479.8091, 233.2536, 519.4312, 193.1725
450.1431, 185.5554, 565.2094, 172.3984, 404.4191, 153.4729, 607.9707, 309.7951, 328.4949, 299.7725, 479.4677, 232.8824, 520.1654, 192.2585
449.846, 183.8348, 566.7608, 169.7128, 403.7874, 148.6998, 607.2515, 309.2054, 327.676, 299.7045, 481.2016, 232.7681, 520.2212, 193.2831
451.8192, 185.1525, 563.3322, 171.8541, 404.7295, 151.6663, 604.1908, 308.8288, 327.4121, 300.7694, 475.6047, 228.4214, 516.9606, 189.3401
447.7717, 179.8065, 565.9759, 172.281, 405.4115, 148.9079, 609.2578, 311.9681, 329.3343, 299.5385, 481.4308, 230.6009, 523.4108, 190.3623
452.7193, 180.8209, 571.3927, 172.4516, 407.6399, 148.743, 610.0891, 313.0424, 330.6792, 300.0414, 479.8049, 229.6627, 522.1516, 193.2083
453.1057, 180.6245, 566.8125, 183.0447, 409.7758, 152.3177, 605.4982, 316.0538, 329.496, 302.285, 479.381, 230.0493, 522.4634, 191.3947
452.4372, 179.7636, 570.1292, 175.6854, 408.2675, 146.783, 608.3757, 313.6743, 328.7251, 300.9742, 478.608, 229.6406, 520.1769, 191.1188
450.948, 181.0485, 568.2022, 175.4348, 407.6036, 150.5756, 610.2252, 313.1584, 330.9566, 299.865, 477.723, 229.5283, 519.6985, 189.4196
448.9241, 180.8797, 569.4948, 172.931, 405.5319, 151.4446, 610.9702, 311.1534, 330.2094, 301.3638, 478.7894, 228.6206, 520.0701, 188.1443
449.4964, 180.8468, 570.4225, 170.9823, 406.7195, 152.5999, 614.8564, 310.5065, 331.9688, 301.1562
